SampleId	Chromosome	Start	End	CopyNumber	BAF
SEQC-II_Tumor_50pc	chr17	1	24849829	2.0000	0.9301
SEQC-II_Tumor_50pc	chr17	24849830	59785544	1.0095	0.8616
SEQC-II_Tumor_50pc	chr17	59785545	59785670	2.0591	1.0126
SEQC-II_Tumor_50pc	chr17	59785671	83257441	1.1205	1.0232
SEQC-II_Tumor_50pc	chr10	1	40640101	2.0000	1.0002
SEQC-II_Tumor_50pc	chr10	40640102	87773107	1.0045	1.0004
SEQC-II_Tumor_50pc	chr10	87773108	87887149	1.8966	0.8665
SEQC-II_Tumor_50pc	chr10	87887150	87954021	0.9391	1.0000
SEQC-II_Tumor_50pc	chr10	87954022	88010560	-0.0139	1.0000
SEQC-II_Tumor_50pc	chr10	88010561	133797422	1.0285	0.9790
